tag;patrones;respuestas
Ingresos de explotación;Ingresos de explotación;Ingresos de explotación
Costos de explotación ;Costos de explotación ;Costos de explotación 
Gastos de administración y ventas ;Gastos de administración y ventas ;Gastos de administración y ventas 
Ingresos de explotación con partes relacionadas del exterior;Ingresos de explotación con partes relacionadas del exterior;Ingresos de explotación con partes relacionadas del exterior
Costos de explotación con relacionados del exterior;Costos de explotación con relacionados del exterior;Costos de explotación con relacionados del exterior
Gastos de administración y ventas con relacionados del exterior;Gastos de administración y ventas con relacionados del exterior;Gastos de administración y ventas con relacionados del exterior
Resultado Fuera De Explotacion;Resultado Fuera De Explotacion;Resultado Fuera De Explotacion
Ingresos financieros;Ingresos financieros;Ingresos financieros
Utilidad (pérdida) inversiones empresas relacionadas;Utilidad (pérdida) inversiones empresas relacionadas;Utilidad (pérdida) inversiones empresas relacionadas
Otros ingresos fuera de la explotación;Otros ingresos fuera de la explotación;Otros ingresos fuera de la explotación
Gastos financieros con empresas relacionadas ;Gastos financieros con empresas relacionadas ;Gastos financieros con empresas relacionadas 
Gastos financieros con empresas no relacionadas ;Gastos financieros con empresas no relacionadas ;Gastos financieros con empresas no relacionadas 
Resultado por Instrumentos Derivados;Resultado por Instrumentos Derivados;Resultado por Instrumentos Derivados
Ingresos financieros con partes relacionadas del exterior;Ingresos financieros con partes relacionadas del exterior;Ingresos financieros con partes relacionadas del exterior
Gastos financieros con partes relacionadas del exterior;Gastos financieros con partes relacionadas del exterior;Gastos financieros con partes relacionadas del exterior
Intereses percibidos o devengado con partes relacionadas del exterior;Intereses percibidos o devengado con partes relacionadas del exterior;Intereses percibidos o devengado con partes relacionadas del exterior
Intereses pagados o adeudados con partes relacionadas del exterior;Intereses pagados o adeudados con partes relacionadas del exterior;Intereses pagados o adeudados con partes relacionadas del exterior
Resultados que no representan flujo de fondos;Resultados que no representan flujo de fondos;Resultados que no representan flujo de fondos
Depreciacion;Depreciacion;Depreciacion
Deterioros;Deterioros;Deterioros
Amortización Intangibles distintos a las Plusvalias;Amortización Intangibles distintos a las Plusvalias;Amortización Intangibles distintos a las Plusvalias
Amortización menor valor de inversiones (Goodwill);Amortización menor valor de inversiones (Goodwill);Amortización menor valor de inversiones (Goodwill)
Amortización mayor valor de inversiones;Amortización mayor valor de inversiones;Amortización mayor valor de inversiones
Castigos;Castigos;Castigos
Ajustes a Valor de Mercado;Ajustes a Valor de Mercado;Ajustes a Valor de Mercado
Valor Mercado Instrumentos Derivados acogidos Ley 20.544;Valor Mercado Instrumentos Derivados acogidos Ley 20.544;Valor Mercado Instrumentos Derivados acogidos Ley 20.544
Valor Mercado Instrumentos Derivados NO acogidos Ley 20.544;Valor Mercado Instrumentos Derivados NO acogidos Ley 20.544;Valor Mercado Instrumentos Derivados NO acogidos Ley 20.544
Ajuste Valor Mercado Existencias (VNR) y Activos Biologicos;Ajuste Valor Mercado Existencias (VNR) y Activos Biologicos;Ajuste Valor Mercado Existencias (VNR) y Activos Biologicos
Ajuste Valor Mercado Propiedad Planta y Equipo, Propiedad Inversion, Activos No Corrientes Mantenidos para la Venta;Ajuste Valor Mercado Propiedad Planta y Equipo, Propiedad Inversion, Activos No Corrientes Mantenidos para la Venta;Ajuste Valor Mercado Propiedad Planta y Equipo, Propiedad Inversion, Activos No Corrientes Mantenidos para la Venta
Ajuste Valor Mercado Fondos Mutuos;Ajuste Valor Mercado Fondos Mutuos;Ajuste Valor Mercado Fondos Mutuos
Ajuste Valor Mercado Valores Negociables;Ajuste Valor Mercado Valores Negociables;Ajuste Valor Mercado Valores Negociables
Ajuste Valor Neto Realización;Ajuste Valor Neto Realización;Ajuste Valor Neto Realización
Otros Ajustes a Valor Mercado;Otros Ajustes a Valor Mercado;Otros Ajustes a Valor Mercado
Otros Resultados;Otros Resultados;Otros Resultados
Resultado por la Enajenacion de Inversiones Permanentes;Resultado por la Enajenacion de Inversiones Permanentes;Resultado por la Enajenacion de Inversiones Permanentes
Resultado por la Enajenacion de Inversiones en otras sociedades;Resultado por la Enajenacion de Inversiones en otras sociedades;Resultado por la Enajenacion de Inversiones en otras sociedades
Resultado por la Enajenacion de Inversiones en Valores Negociables;Resultado por la Enajenacion de Inversiones en Valores Negociables;Resultado por la Enajenacion de Inversiones en Valores Negociables
Resultado por la Enajenacion Propiedad Planta y Equipos,Propiedad de Inversion y Activos no Corrientes mantenidos para la venta;Resultado por la Enajenacion Propiedad Planta y Equipos,Propiedad de Inversion y Activos no Corrientes mantenidos para la venta;Resultado por la Enajenacion Propiedad Planta y Equipos,Propiedad de Inversion y Activos no Corrientes mantenidos para la venta
Resultado enajenación Activo Fijo;Resultado enajenación Activo Fijo;Resultado enajenación Activo Fijo
Otros egresos fuera de la explotación ;Otros egresos fuera de la explotación ;Otros egresos fuera de la explotación 
Corrección monetaria;Corrección monetaria;Corrección monetaria
Diferencias de cambio;Diferencias de cambio;Diferencias de cambio
Donaciones;Donaciones;Donaciones
Intereses,Multas y Reajustes;Intereses,Multas y Reajustes;Intereses,Multas y Reajustes
Patentes Municipales;Patentes Municipales;Patentes Municipales
Otros Impuestos;Otros Impuestos;Otros Impuestos
Resultado Antes de Impuesto a la Renta ;Resultado Antes de Impuesto a la Renta ;Resultado Antes de Impuesto a la Renta 
Impuesto a La Renta;Impuesto a La Renta;Impuesto a La Renta
Impuesto Diferido;Impuesto Diferido;Impuesto Diferido
Por Efectivo y Valores Negociables;Por Efectivo y Valores Negociables;Por Efectivo y Valores Negociables
Corr.mon. de las acciones de sociedades anónimas (SPA, FIP)  Art. 41 inciso 1 N°8;Corr.mon. de las acciones de sociedades anónimas (SPA, FIP)  Art. 41 inciso 1 N°8;Corr.mon. de las acciones de sociedades anónimas (SPA, FIP)  Art. 41 inciso 1 N°8
Corr.mon. de los aportes en sociedades de personas. Art. 41 inciso 1 N°9;Corr.mon. de los aportes en sociedades de personas. Art. 41 inciso 1 N°9;Corr.mon. de los aportes en sociedades de personas. Art. 41 inciso 1 N°9
Corr.mon.bonos, pagares y otros activos financieros;Corr.mon.bonos, pagares y otros activos financieros;Corr.mon.bonos, pagares y otros activos financieros
Interes a valor tributario por activos financieros;Interes a valor tributario por activos financieros;Interes a valor tributario por activos financieros
Dividendos Percibidos contabilizados en ingresos según registros contables;Dividendos Percibidos contabilizados en ingresos según registros contables;Dividendos Percibidos contabilizados en ingresos según registros contables
Ajuste por Valor Mercado de Fondos Mutuos;Ajuste por Valor Mercado de Fondos Mutuos;Ajuste por Valor Mercado de Fondos Mutuos
Ajuste por Valor Mercado otros instrumentos Financieros ;Ajuste por Valor Mercado otros instrumentos Financieros ;Ajuste por Valor Mercado otros instrumentos Financieros 
Deterioro por activos financieros;Deterioro por activos financieros;Deterioro por activos financieros
Ajuste tasa efectiva por activos financieros;Ajuste tasa efectiva por activos financieros;Ajuste tasa efectiva por activos financieros
Resultado por Enajenación activos financieros según registros contables ;Resultado por Enajenación activos financieros según registros contables ;Resultado por Enajenación activos financieros según registros contables 
Resultado por Enajenación activos financieros a valor tributario;Resultado por Enajenación activos financieros a valor tributario;Resultado por Enajenación activos financieros a valor tributario
Otros agregados al resultado tributario por activos financieros;Otros agregados al resultado tributario por activos financieros;Otros agregados al resultado tributario por activos financieros
Otros deducidos al resultado tributario por activos financieros;Otros deducidos al resultado tributario por activos financieros;Otros deducidos al resultado tributario por activos financieros
Por Instrumentos Derivados y contratos de Retrocompra o Retroventa;Por Instrumentos Derivados y contratos de Retrocompra o Retroventa;Por Instrumentos Derivados y contratos de Retrocompra o Retroventa
Valor mercado instrumentos derivados NO acogidos Ley 20.544;Valor mercado instrumentos derivados NO acogidos Ley 20.544;Valor mercado instrumentos derivados NO acogidos Ley 20.544
Valor mercado instrumentos derivados registrados en patrimonio acogidos Ley 20.544;Valor mercado instrumentos derivados registrados en patrimonio acogidos Ley 20.544;Valor mercado instrumentos derivados registrados en patrimonio acogidos Ley 20.544
Ineficacia por Instrumentos derivados;Ineficacia por Instrumentos derivados;Ineficacia por Instrumentos derivados
Ajuste por pactos o contratos de retrocompra y/o retroventa según registros contables;Ajuste por pactos o contratos de retrocompra y/o retroventa según registros contables;Ajuste por pactos o contratos de retrocompra y/o retroventa según registros contables
Ajuste por pactos, contratos de retrocompra y/o retroventa a valor tributario;Ajuste por pactos, contratos de retrocompra y/o retroventa a valor tributario;Ajuste por pactos, contratos de retrocompra y/o retroventa a valor tributario
Otros agregados al resultado tributario por instrumentos derivados;Otros agregados al resultado tributario por instrumentos derivados;Otros agregados al resultado tributario por instrumentos derivados
Otras deducciones al resultado tributario por instrumentos derivados;Otras deducciones al resultado tributario por instrumentos derivados;Otras deducciones al resultado tributario por instrumentos derivados
Otros agregados al resultado tributario por pactos, pactos retrocompra y/o retroventa;Otros agregados al resultado tributario por pactos, pactos retrocompra y/o retroventa;Otros agregados al resultado tributario por pactos, pactos retrocompra y/o retroventa
Otras deducciones al resultado tributario por pactos, pactos retrocompra y/o retroventa;Otras deducciones al resultado tributario por pactos, pactos retrocompra y/o retroventa;Otras deducciones al resultado tributario por pactos, pactos retrocompra y/o retroventa
Por deudores comerciales;Por deudores comerciales;Por deudores comerciales
Castigo directo deudores incobrables según registros contables;Castigo directo deudores incobrables según registros contables;Castigo directo deudores incobrables según registros contables
Estimación deudores incobrables según registros contables;Estimación deudores incobrables según registros contables;Estimación deudores incobrables según registros contables
Castigo deudores incobrables Art.31 Inciso 4 N°4;Castigo deudores incobrables Art.31 Inciso 4 N°4;Castigo deudores incobrables Art.31 Inciso 4 N°4
Estimacion deudores incobrables Art.31 Inciso 4 N°4 ;Estimacion deudores incobrables Art.31 Inciso 4 N°4 ;Estimacion deudores incobrables Art.31 Inciso 4 N°4 
Resultado por Venta de Cartera según registros contables;Resultado por Venta de Cartera según registros contables;Resultado por Venta de Cartera según registros contables
Resultado por Venta de Cartera a Valor Tributario;Resultado por Venta de Cartera a Valor Tributario;Resultado por Venta de Cartera a Valor Tributario
Ajuste por Colocaciones por efecto de Tasa Efectiva;Ajuste por Colocaciones por efecto de Tasa Efectiva;Ajuste por Colocaciones por efecto de Tasa Efectiva
Otros agregados al resultado tributario por deudores comericales;Otros agregados al resultado tributario por deudores comericales;Otros agregados al resultado tributario por deudores comericales
Otras deducciones al resultado tributario por deudores incobrables;Otras deducciones al resultado tributario por deudores incobrables;Otras deducciones al resultado tributario por deudores incobrables
Por Activo realizable (inventarios) y Activos Biológicos;Por Activo realizable (inventarios) y Activos Biológicos;Por Activo realizable (inventarios) y Activos Biológicos
Corr.mon. de los bienes físicos del activo realizable (inventarios)  Art. 41 inciso 1 N°3 LIR;Corr.mon. de los bienes físicos del activo realizable (inventarios)  Art. 41 inciso 1 N°3 LIR;Corr.mon. de los bienes físicos del activo realizable (inventarios)  Art. 41 inciso 1 N°3 LIR
Ajuste por  Valor Neto Realización;Ajuste por  Valor Neto Realización;Ajuste por  Valor Neto Realización
Ajuste por Provision Obsolescencia;Ajuste por Provision Obsolescencia;Ajuste por Provision Obsolescencia
Ajuste por concepto de acortamiento ;Ajuste por concepto de acortamiento ;Ajuste por concepto de acortamiento 
Ajuste por Costo Financiero activado (Intereses activados en inventario);Ajuste por Costo Financiero activado (Intereses activados en inventario);Ajuste por Costo Financiero activado (Intereses activados en inventario)
Ajuste por CIF activados financieramente;Ajuste por CIF activados financieramente;Ajuste por CIF activados financieramente
Costo de Ventas según registros contables;Costo de Ventas según registros contables;Costo de Ventas según registros contables
Costo directo de bienes y servicios Art.30 LIR;Costo directo de bienes y servicios Art.30 LIR;Costo directo de bienes y servicios Art.30 LIR
Ajuste Valor Mercado activos Biológicos;Ajuste Valor Mercado activos Biológicos;Ajuste Valor Mercado activos Biológicos
Otros agregados al resultado tributario por inventarios;Otros agregados al resultado tributario por inventarios;Otros agregados al resultado tributario por inventarios
Otras deducciones al resultado tributario por inventarios;Otras deducciones al resultado tributario por inventarios;Otras deducciones al resultado tributario por inventarios
Por Propiedad Planta y Equipo , Propiedades de Inversion  y Activos disponibles para la Venta  (excluye a Bienes entregados en Leasing);Por Propiedad Planta y Equipo , Propiedades de Inversion  y Activos disponibles para la Venta  (excluye a Bienes entregados en Leasing);Por Propiedad Planta y Equipo , Propiedades de Inversion  y Activos disponibles para la Venta  (excluye a Bienes entregados en Leasing)
Corr.mon. de los bienes físicos del activo inmovilizado. Art. 41 inciso 1 N°2;Corr.mon. de los bienes físicos del activo inmovilizado. Art. 41 inciso 1 N°2;Corr.mon. de los bienes físicos del activo inmovilizado. Art. 41 inciso 1 N°2
Deterioro (Impairtment) propiedad planta y equipo según registros contables  ;Deterioro (Impairtment) propiedad planta y equipo según registros contables  ;Deterioro (Impairtment) propiedad planta y equipo según registros contables  
Pérdida por revalorización propiedad planta y equipo según registros contables ;Pérdida por revalorización propiedad planta y equipo según registros contables ;Pérdida por revalorización propiedad planta y equipo según registros contables 
Castigo Financiero propiedad planta y equipo  según registros contables  ;Castigo Financiero propiedad planta y equipo  según registros contables  ;Castigo Financiero propiedad planta y equipo  según registros contables  
Depreciación Financiera según registros contables  ;Depreciación Financiera según registros contables  ;Depreciación Financiera según registros contables  
Depreciación Normal bienes físicos del activo inmovilizado Art.31 Inciso 4 N°5;Depreciación Normal bienes físicos del activo inmovilizado Art.31 Inciso 4 N°5;Depreciación Normal bienes físicos del activo inmovilizado Art.31 Inciso 4 N°5
Depreciación Acelerada bienes físicos del activo inmovilizado Art.31 Inciso 4 N°5;Depreciación Acelerada bienes físicos del activo inmovilizado Art.31 Inciso 4 N°5;Depreciación Acelerada bienes físicos del activo inmovilizado Art.31 Inciso 4 N°5
Ajuste por Costo Financiero activado (Intereses activados PPE);Ajuste por Costo Financiero activado (Intereses activados PPE);Ajuste por Costo Financiero activado (Intereses activados PPE)
Utilidad por revalorización propiedad planta y equipo según registros contables ;Utilidad por revalorización propiedad planta y equipo según registros contables ;Utilidad por revalorización propiedad planta y equipo según registros contables 
Ajuste Valor Mercado Propiedades de Inversión;Ajuste Valor Mercado Propiedades de Inversión;Ajuste Valor Mercado Propiedades de Inversión
Ajuste Valor Mercado Activos mantenidos para la venta;Ajuste Valor Mercado Activos mantenidos para la venta;Ajuste Valor Mercado Activos mantenidos para la venta
Ajuste Valor Mercado Activos provenientes de Intercambios de activos;Ajuste Valor Mercado Activos provenientes de Intercambios de activos;Ajuste Valor Mercado Activos provenientes de Intercambios de activos
Provisión bienes recibidos en pago, remate judicial o de aquellos disponibles para la venta;Provisión bienes recibidos en pago, remate judicial o de aquellos disponibles para la venta;Provisión bienes recibidos en pago, remate judicial o de aquellos disponibles para la venta
Resultado por Enajenacion de propiedad planta y equipo, Propiedades de Inversion y Activos disponibles para la venta según registros contables;Resultado por Enajenacion de propiedad planta y equipo, Propiedades de Inversion y Activos disponibles para la venta según registros contables;Resultado por Enajenacion de propiedad planta y equipo, Propiedades de Inversion y Activos disponibles para la venta según registros contables
Resultado por Enajenacion de  bienes físicos del activo inmovilizado (valor tributario);Resultado por Enajenacion de  bienes físicos del activo inmovilizado (valor tributario);Resultado por Enajenacion de  bienes físicos del activo inmovilizado (valor tributario)
Castigo Tributario de los bienes físicos del activo inmovilizado;Castigo Tributario de los bienes físicos del activo inmovilizado;Castigo Tributario de los bienes físicos del activo inmovilizado
Ajuste por Remodelaciones Bienes Propios;Ajuste por Remodelaciones Bienes Propios;Ajuste por Remodelaciones Bienes Propios
Ajuste por Remodelaciones Bienes de Terceros;Ajuste por Remodelaciones Bienes de Terceros;Ajuste por Remodelaciones Bienes de Terceros
Dep.Acel.bienes físicos del activo inmovilizado Art.31 Inciso 4 N°5 Bis Inciso 1ro (12 Meses);Dep.Acel.bienes físicos del activo inmovilizado Art.31 Inciso 4 N°5 Bis Inciso 1ro (12 Meses);Dep.Acel.bienes físicos del activo inmovilizado Art.31 Inciso 4 N°5 Bis Inciso 1ro (12 Meses)
Dep.Acel.bienes físicos del activo inmovilizado Art.31 Inciso 4 N°5 Bis Inciso 2do (1/10 Depreciacion);Dep.Acel.bienes físicos del activo inmovilizado Art.31 Inciso 4 N°5 Bis Inciso 2do (1/10 Depreciacion);Dep.Acel.bienes físicos del activo inmovilizado Art.31 Inciso 4 N°5 Bis Inciso 2do (1/10 Depreciacion)
Otros agregados o deducciones por Propiedades de Inversión;Otros agregados o deducciones por Propiedades de Inversión;Otros agregados o deducciones por Propiedades de Inversión
Otros agregados o deducciones por activos mantenidos para la venta;Otros agregados o deducciones por activos mantenidos para la venta;Otros agregados o deducciones por activos mantenidos para la venta
Otros agregados al resultado tributario por activo fijo;Otros agregados al resultado tributario por activo fijo;Otros agregados al resultado tributario por activo fijo
Otras deducciones al resultado tributario por activo fijo;Otras deducciones al resultado tributario por activo fijo;Otras deducciones al resultado tributario por activo fijo
Activos contratados por leasing ;Activos contratados por leasing ;Activos contratados por leasing 
Depreciación de activos en leasing;Depreciación de activos en leasing;Depreciación de activos en leasing
Intereses pagados por Leasing ;Intereses pagados por Leasing ;Intereses pagados por Leasing 
Reajustes por  Obligaciones por Leasing;Reajustes por  Obligaciones por Leasing;Reajustes por  Obligaciones por Leasing
Reajustes por Intereses Diferidos por Leasing;Reajustes por Intereses Diferidos por Leasing;Reajustes por Intereses Diferidos por Leasing
Cuotas pagadas por Leasing ;Cuotas pagadas por Leasing ;Cuotas pagadas por Leasing 
Cuotas anticipadas por Leasing ;Cuotas anticipadas por Leasing ;Cuotas anticipadas por Leasing 
Otros agregados al resultado tributario por  activos en leasing;Otros agregados al resultado tributario por  activos en leasing;Otros agregados al resultado tributario por  activos en leasing
Otras deducciones al resultado tributario por activos en leasing;Otras deducciones al resultado tributario por activos en leasing;Otras deducciones al resultado tributario por activos en leasing
Activos intangibles distintos de la plusvalía (neto);Activos intangibles distintos de la plusvalía (neto);Activos intangibles distintos de la plusvalía (neto)
Corr.mon. de los derechos de llave, pertenencias, concesiones mineras y otros. Art. 41 inciso 1 N°6;Corr.mon. de los derechos de llave, pertenencias, concesiones mineras y otros. Art. 41 inciso 1 N°6;Corr.mon. de los derechos de llave, pertenencias, concesiones mineras y otros. Art. 41 inciso 1 N°6
Corr.mon. de los gastos de organización y puesta en marcha, Art. 41 inciso 1 N°7;Corr.mon. de los gastos de organización y puesta en marcha, Art. 41 inciso 1 N°7;Corr.mon. de los gastos de organización y puesta en marcha, Art. 41 inciso 1 N°7
Corr.mon. de los costos y gastos diferidos. Art. 41 inciso 1 N°7;Corr.mon. de los costos y gastos diferidos. Art. 41 inciso 1 N°7;Corr.mon. de los costos y gastos diferidos. Art. 41 inciso 1 N°7
Amortización de derechos de llave, pertenencias y concesiones mineras (Valor Financiero);Amortización de derechos de llave, pertenencias y concesiones mineras (Valor Financiero);Amortización de derechos de llave, pertenencias y concesiones mineras (Valor Financiero)
Amortización gastos de organización y puesta en marcha;Amortización gastos de organización y puesta en marcha;Amortización gastos de organización y puesta en marcha
Amortizacion de los costos y gastos diferidos. Art. 41 inciso 1 N°7;Amortizacion de los costos y gastos diferidos. Art. 41 inciso 1 N°7;Amortizacion de los costos y gastos diferidos. Art. 41 inciso 1 N°7
Otros agregados al resultado tributario por intangibles;Otros agregados al resultado tributario por intangibles;Otros agregados al resultado tributario por intangibles
Otras deducciones al resultado tributario por intangibles;Otras deducciones al resultado tributario por intangibles;Otras deducciones al resultado tributario por intangibles
Por Inversiones en otras Entidades;Por Inversiones en otras Entidades;Por Inversiones en otras Entidades
Corr.mon. de las acciones de sociedades anónimas (SPA, FIP)  Art. 41 inciso 1 N°8;Corr.mon. de las acciones de sociedades anónimas (SPA, FIP)  Art. 41 inciso 1 N°8;Corr.mon. de las acciones de sociedades anónimas (SPA, FIP)  Art. 41 inciso 1 N°8
Corr.mon. de los aportes en sociedades de personas. Art. 41 inciso 1 N°9;Corr.mon. de los aportes en sociedades de personas. Art. 41 inciso 1 N°9;Corr.mon. de los aportes en sociedades de personas. Art. 41 inciso 1 N°9
Corr.Mon.derechos Moneda Extranjera art.41 N°4  (agencias);Corr.Mon.derechos Moneda Extranjera art.41 N°4  (agencias);Corr.Mon.derechos Moneda Extranjera art.41 N°4  (agencias)
Resultado devengado en sociedades situadas en Chile;Resultado devengado en sociedades situadas en Chile;Resultado devengado en sociedades situadas en Chile
Resultado devengado en sociedades situadas en el Exterior;Resultado devengado en sociedades situadas en el Exterior;Resultado devengado en sociedades situadas en el Exterior
Resultado devengado en Agencia u otro establecimiento permanente;Resultado devengado en Agencia u otro establecimiento permanente;Resultado devengado en Agencia u otro establecimiento permanente
Resultado por Enajenación Inversiones en otras Entidades según registros contables ;Resultado por Enajenación Inversiones en otras Entidades según registros contables ;Resultado por Enajenación Inversiones en otras Entidades según registros contables 
Resultado por Enajenación Inversiones en otras Entidades a Valor Tributario;Resultado por Enajenación Inversiones en otras Entidades a Valor Tributario;Resultado por Enajenación Inversiones en otras Entidades a Valor Tributario
Otros agregados al resultado tributario por Inversiones en otras Entidades;Otros agregados al resultado tributario por Inversiones en otras Entidades;Otros agregados al resultado tributario por Inversiones en otras Entidades
Otras deducciones al resultado tributario por inversiones en otras Entidades;Otras deducciones al resultado tributario por inversiones en otras Entidades;Otras deducciones al resultado tributario por inversiones en otras Entidades
Por Plusvalía (Goodwill) y Minusvalia (Badwill);Por Plusvalía (Goodwill) y Minusvalia (Badwill);Por Plusvalía (Goodwill) y Minusvalia (Badwill)
Deteriorio por Goodwill;Deteriorio por Goodwill;Deteriorio por Goodwill
Corr.Mon.Goodwill en relacion Art.31 inciso 4 N°9 ;Corr.Mon.Goodwill en relacion Art.31 inciso 4 N°9 ;Corr.Mon.Goodwill en relacion Art.31 inciso 4 N°9 
Amortización menor valor tributario en fusión Art.31 inciso 4 N°9;Amortización menor valor tributario en fusión Art.31 inciso 4 N°9;Amortización menor valor tributario en fusión Art.31 inciso 4 N°9
Corr.Mon.Mayor valor tributario en fusión Art.15;Corr.Mon.Mayor valor tributario en fusión Art.15;Corr.Mon.Mayor valor tributario en fusión Art.15
Ingreso por mayor valor tributario en fusión Art.15;Ingreso por mayor valor tributario en fusión Art.15;Ingreso por mayor valor tributario en fusión Art.15
Corr.Mon. Intangible por Goodwill en relacion Art.31 inciso 4 N°9 (Ley 20.780);Corr.Mon. Intangible por Goodwill en relacion Art.31 inciso 4 N°9 (Ley 20.780);Corr.Mon. Intangible por Goodwill en relacion Art.31 inciso 4 N°9 (Ley 20.780)
Otros agregados al resultado tributario por Goodwil y/o Badwill;Otros agregados al resultado tributario por Goodwil y/o Badwill;Otros agregados al resultado tributario por Goodwil y/o Badwill
Otras deducciones al resultado tributario por Goodwil y/o Badwill;Otras deducciones al resultado tributario por Goodwil y/o Badwill;Otras deducciones al resultado tributario por Goodwil y/o Badwill
Por Bienes entregados en Leasing;Por Bienes entregados en Leasing;Por Bienes entregados en Leasing
Corr.mon. de los bienes físicos del activo inmovilizado (entregados en leasing) . Art. 41 inciso 1 N°2;Corr.mon. de los bienes físicos del activo inmovilizado (entregados en leasing) . Art. 41 inciso 1 N°2;Corr.mon. de los bienes físicos del activo inmovilizado (entregados en leasing) . Art. 41 inciso 1 N°2
Ingreso por cuotas percibidas por leasing;Ingreso por cuotas percibidas por leasing;Ingreso por cuotas percibidas por leasing
Ingreso por cuotas devengadas por leasing;Ingreso por cuotas devengadas por leasing;Ingreso por cuotas devengadas por leasing
Ingreso por Intereses por leasing según registros contables;Ingreso por Intereses por leasing según registros contables;Ingreso por Intereses por leasing según registros contables
Ingreso Tributario por Seguros Devengados por Bienes Siniestrados ;Ingreso Tributario por Seguros Devengados por Bienes Siniestrados ;Ingreso Tributario por Seguros Devengados por Bienes Siniestrados 
Resultado por reajustes por leasing según registros contables;Resultado por reajustes por leasing según registros contables;Resultado por reajustes por leasing según registros contables
Estimación deudores incobrables por leasing;Estimación deudores incobrables por leasing;Estimación deudores incobrables por leasing
Depreciación Normal bienes entregados en  leasing (valor tributario);Depreciación Normal bienes entregados en  leasing (valor tributario);Depreciación Normal bienes entregados en  leasing (valor tributario)
Depreciación Acelerada bienes entregados en  leasing (valor tributario);Depreciación Acelerada bienes entregados en  leasing (valor tributario);Depreciación Acelerada bienes entregados en  leasing (valor tributario)
Otros ingresos por leasing según registros contables;Otros ingresos por leasing según registros contables;Otros ingresos por leasing según registros contables
Costo Venta Bienes entregados en Leasing  (al término del contrato);Costo Venta Bienes entregados en Leasing  (al término del contrato);Costo Venta Bienes entregados en Leasing  (al término del contrato)
Costo Venta Bienes entregados en Leasing (anticipado o cedido);Costo Venta Bienes entregados en Leasing (anticipado o cedido);Costo Venta Bienes entregados en Leasing (anticipado o cedido)
Gastos relacionados con Leasing, (Notariales, seguros, entre otros);Gastos relacionados con Leasing, (Notariales, seguros, entre otros);Gastos relacionados con Leasing, (Notariales, seguros, entre otros)
Otros agregados al resultado tributario por  bienes entregados  en leasing;Otros agregados al resultado tributario por  bienes entregados  en leasing;Otros agregados al resultado tributario por  bienes entregados  en leasing
Otras deducciones al resultado tributario por activos bienes entregados en leasing;Otras deducciones al resultado tributario por activos bienes entregados en leasing;Otras deducciones al resultado tributario por activos bienes entregados en leasing
Por Otros pasivos financieros, corrientes;Por Otros pasivos financieros, corrientes;Por Otros pasivos financieros, corrientes
Ajuste tasa efectiva en obligaciones con bancos;Ajuste tasa efectiva en obligaciones con bancos;Ajuste tasa efectiva en obligaciones con bancos
Gastos diferidos por obligaciones con bancos;Gastos diferidos por obligaciones con bancos;Gastos diferidos por obligaciones con bancos
Menor Valor en Colocacion de Bonos;Menor Valor en Colocacion de Bonos;Menor Valor en Colocacion de Bonos
Corrección monetaria Menor Valor Bonos;Corrección monetaria Menor Valor Bonos;Corrección monetaria Menor Valor Bonos
Amortizacion Menor Valor Bonos;Amortizacion Menor Valor Bonos;Amortizacion Menor Valor Bonos
Gastos diferidos por Colocacion de Bonos;Gastos diferidos por Colocacion de Bonos;Gastos diferidos por Colocacion de Bonos
Corrección monetaria Gastos Diferidos por Colocacion de Bonos;Corrección monetaria Gastos Diferidos por Colocacion de Bonos;Corrección monetaria Gastos Diferidos por Colocacion de Bonos
Amortización Gastos diferidos por Colocacion de Bonos;Amortización Gastos diferidos por Colocacion de Bonos;Amortización Gastos diferidos por Colocacion de Bonos
Ajuste a Valor de Mercado por Bonos emitidos ;Ajuste a Valor de Mercado por Bonos emitidos ;Ajuste a Valor de Mercado por Bonos emitidos 
Intereses Financieros por Bonos Emitidos;Intereses Financieros por Bonos Emitidos;Intereses Financieros por Bonos Emitidos
Intereses a Valor Tributario por Bonos Emitidos;Intereses a Valor Tributario por Bonos Emitidos;Intereses a Valor Tributario por Bonos Emitidos
Otros agregados al resultado tributario por bonos emitidos;Otros agregados al resultado tributario por bonos emitidos;Otros agregados al resultado tributario por bonos emitidos
Otros deducciones al resultado tributario por bonos emitidos;Otros deducciones al resultado tributario por bonos emitidos;Otros deducciones al resultado tributario por bonos emitidos
Por Impuesto a la Renta e Impuesto Diferido;Por Impuesto a la Renta e Impuesto Diferido;Por Impuesto a la Renta e Impuesto Diferido
Provisión Impuesto Único Artículo 21 (40%);Provisión Impuesto Único Artículo 21 (40%);Provisión Impuesto Único Artículo 21 (40%)
Provisión Impuesto a la actividad Minera;Provisión Impuesto a la actividad Minera;Provisión Impuesto a la actividad Minera
Provisión Impuesto Único Empresa Estatal;Provisión Impuesto Único Empresa Estatal;Provisión Impuesto Único Empresa Estatal
Provisión Impuesto Único 1a Categoría;Provisión Impuesto Único 1a Categoría;Provisión Impuesto Único 1a Categoría
Impuesto Diferido ;Impuesto Diferido ;Impuesto Diferido 
Otras Provisiones por Impuestos;Otras Provisiones por Impuestos;Otras Provisiones por Impuestos
Por Provisiones Corrientes y No Corrientes por Beneficios a los Empleados;Por Provisiones Corrientes y No Corrientes por Beneficios a los Empleados;Por Provisiones Corrientes y No Corrientes por Beneficios a los Empleados
Provisión Vacaciones ;Provisión Vacaciones ;Provisión Vacaciones 
Provisión Gratificaciones;Provisión Gratificaciones;Provisión Gratificaciones
Indemnización años de Servicios  Valor Financiero;Indemnización años de Servicios  Valor Financiero;Indemnización años de Servicios  Valor Financiero
Indemnización años de Servicios  Valor Tributario;Indemnización años de Servicios  Valor Tributario;Indemnización años de Servicios  Valor Tributario
Provisión por Bonos Metas, Bono Eficiencia, (entre otros);Provisión por Bonos Metas, Bono Eficiencia, (entre otros);Provisión por Bonos Metas, Bono Eficiencia, (entre otros)
Pagos Basados en Acciones;Pagos Basados en Acciones;Pagos Basados en Acciones
Provisiones por Beneficios Definidos;Provisiones por Beneficios Definidos;Provisiones por Beneficios Definidos
Otras Provisiones por Beneficios Empleados;Otras Provisiones por Beneficios Empleados;Otras Provisiones por Beneficios Empleados
Por Otras Provisiones;Por Otras Provisiones;Por Otras Provisiones
Provisión Gastos Por Pagar;Provisión Gastos Por Pagar;Provisión Gastos Por Pagar
Provisión Otras Eventualidades ;Provisión Otras Eventualidades ;Provisión Otras Eventualidades 
Provisión Juicio Laboral;Provisión Juicio Laboral;Provisión Juicio Laboral
Provisiones Adicionales;Provisiones Adicionales;Provisiones Adicionales
Provisiones Riesgo Pais;Provisiones Riesgo Pais;Provisiones Riesgo Pais
Otras Provisiones;Otras Provisiones;Otras Provisiones
Por Capital Propio;Por Capital Propio;Por Capital Propio
Corr.mon. del capital propio, Art. 41 inciso 1 N°1;Corr.mon. del capital propio, Art. 41 inciso 1 N°1;Corr.mon. del capital propio, Art. 41 inciso 1 N°1
Corr.mon. del capital propio, aumentos Art. 41 inciso 1 N°1;Corr.mon. del capital propio, aumentos Art. 41 inciso 1 N°1;Corr.mon. del capital propio, aumentos Art. 41 inciso 1 N°1
Corr.mon. del capital propio, disminuciones de capital. Art. 41 inciso 1 N°1;Corr.mon. del capital propio, disminuciones de capital. Art. 41 inciso 1 N°1;Corr.mon. del capital propio, disminuciones de capital. Art. 41 inciso 1 N°1
Por Contratos de construccion;Por Contratos de construccion;Por Contratos de construccion
Resultado por contrato de Promesa de Venta según registro contable;Resultado por contrato de Promesa de Venta según registro contable;Resultado por contrato de Promesa de Venta según registro contable
Resultado por contrato de Suma Alzada según registro contable;Resultado por contrato de Suma Alzada según registro contable;Resultado por contrato de Suma Alzada según registro contable
Resultado por contrato de Obra de uso público según registro contable;Resultado por contrato de Obra de uso público según registro contable;Resultado por contrato de Obra de uso público según registro contable
Resultado por contrato de Promesa de Venta a valor tributario;Resultado por contrato de Promesa de Venta a valor tributario;Resultado por contrato de Promesa de Venta a valor tributario
Resultado por contrato de Suma Alzada a valor tributario;Resultado por contrato de Suma Alzada a valor tributario;Resultado por contrato de Suma Alzada a valor tributario
Resultado por contrato de Obra de uso público a valor tributario;Resultado por contrato de Obra de uso público a valor tributario;Resultado por contrato de Obra de uso público a valor tributario
Otros agregados al resultado tributario por contratos de construcción;Otros agregados al resultado tributario por contratos de construcción;Otros agregados al resultado tributario por contratos de construcción
Otras deducciones al resultado tributario por contrato de construcción;Otras deducciones al resultado tributario por contrato de construcción;Otras deducciones al resultado tributario por contrato de construcción
Por Ingreso NO renta (INR);Por Ingreso NO renta (INR);Por Ingreso NO renta (INR)
INR por enajenación de instrumentos de deuda de oferta pública Art.104 LIR ;INR por enajenación de instrumentos de deuda de oferta pública Art.104 LIR ;INR por enajenación de instrumentos de deuda de oferta pública Art.104 LIR 
INR por enajenación de valores Art.107 LIR ;INR por enajenación de valores Art.107 LIR ;INR por enajenación de valores Art.107 LIR 
INR provenientes de la explotación de bienes raices no agricolas D.F.L.N°2;INR provenientes de la explotación de bienes raices no agricolas D.F.L.N°2;INR provenientes de la explotación de bienes raices no agricolas D.F.L.N°2
Costo Directo INR por enajenación de instrumentos de deuda de oferta pública Art.104 LIR ;Costo Directo INR por enajenación de instrumentos de deuda de oferta pública Art.104 LIR ;Costo Directo INR por enajenación de instrumentos de deuda de oferta pública Art.104 LIR 
Costo Directo INR por enajenación de valores Art.107 LIR ;Costo Directo INR por enajenación de valores Art.107 LIR ;Costo Directo INR por enajenación de valores Art.107 LIR 
Costo Directo INR provenientes de la explotación de bienes raices no agricolas D.F.L.N°2;Costo Directo INR provenientes de la explotación de bienes raices no agricolas D.F.L.N°2;Costo Directo INR provenientes de la explotación de bienes raices no agricolas D.F.L.N°2
Gastos Utilización Común INR por enajenación de instrumentos de deuda de oferta pública Art.104 LIR ;Gastos Utilización Común INR por enajenación de instrumentos de deuda de oferta pública Art.104 LIR ;Gastos Utilización Común INR por enajenación de instrumentos de deuda de oferta pública Art.104 LIR 
Gastos Utilización Común INR por enajenación de valores Art.107 LIR ;Gastos Utilización Común INR por enajenación de valores Art.107 LIR ;Gastos Utilización Común INR por enajenación de valores Art.107 LIR 
Gastos Utilización Común INR provenientes de la explotación de bienes raices no agricolas D.F.L.N°2;Gastos Utilización Común INR provenientes de la explotación de bienes raices no agricolas D.F.L.N°2;Gastos Utilización Común INR provenientes de la explotación de bienes raices no agricolas D.F.L.N°2
Otros INR;Otros INR;Otros INR
Otros Costos Directos INR;Otros Costos Directos INR;Otros Costos Directos INR
Otros Gastos Utilización Común;Otros Gastos Utilización Común;Otros Gastos Utilización Común
Por Rentas exentas de primera categoría (REX);Por Rentas exentas de primera categoría (REX);Por Rentas exentas de primera categoría (REX)
Rentas o ingresos exentos de primera categoría;Rentas o ingresos exentos de primera categoría;Rentas o ingresos exentos de primera categoría
Costos directos asociados a REX de primera categoría;Costos directos asociados a REX de primera categoría;Costos directos asociados a REX de primera categoría
Gastos Utilización Común a REX;Gastos Utilización Común a REX;Gastos Utilización Común a REX
Por Rentas afectas a impuesto único de primera categoría (RAIPCU);Por Rentas afectas a impuesto único de primera categoría (RAIPCU);Por Rentas afectas a impuesto único de primera categoría (RAIPCU)
Rentas afectas a impuesto único de primera categoría;Rentas afectas a impuesto único de primera categoría;Rentas afectas a impuesto único de primera categoría
Costos asociados a rentas afectas a impuesto único de primera categoría;Costos asociados a rentas afectas a impuesto único de primera categoría;Costos asociados a rentas afectas a impuesto único de primera categoría
Gastos Utilización Común RAIPCU;Gastos Utilización Común RAIPCU;Gastos Utilización Común RAIPCU
Por Otros Ajustes tributarios;Por Otros Ajustes tributarios;Por Otros Ajustes tributarios
Corr.mon. de los créditos o derechos en moneda extranjera o reajustables. Art. 41 inciso 1 N°4;Corr.mon. de los créditos o derechos en moneda extranjera o reajustables. Art. 41 inciso 1 N°4;Corr.mon. de los créditos o derechos en moneda extranjera o reajustables. Art. 41 inciso 1 N°4
Corr.mon. de monedas extranjeras y de oro. Art. 41 inciso 1 N°5;Corr.mon. de monedas extranjeras y de oro. Art. 41 inciso 1 N°5;Corr.mon. de monedas extranjeras y de oro. Art. 41 inciso 1 N°5
Corr.mon. de deudas u obligaciones en moneda extranjera o reajustables. Art. 41 inciso 1 N°10;Corr.mon. de deudas u obligaciones en moneda extranjera o reajustables. Art. 41 inciso 1 N°10;Corr.mon. de deudas u obligaciones en moneda extranjera o reajustables. Art. 41 inciso 1 N°10
Corrección monetaria cierre de faenas mineras (Ley 20.551);Corrección monetaria cierre de faenas mineras (Ley 20.551);Corrección monetaria cierre de faenas mineras (Ley 20.551)
Ingresos de explotación Artículos 15 / 29 LIR  ( Valor Tributario);Ingresos de explotación Artículos 15 / 29 LIR  ( Valor Tributario);Ingresos de explotación Artículos 15 / 29 LIR  ( Valor Tributario)
PPUA  ;PPUA  ;PPUA  
Deduccion 50% RLI (14 ter letra C);Deduccion 50% RLI (14 ter letra C);Deduccion 50% RLI (14 ter letra C)
Reposición 14 ter letra C);Reposición 14 ter letra C);Reposición 14 ter letra C)
Rentas Pasivas devengadas;Rentas Pasivas devengadas;Rentas Pasivas devengadas
Otros agregados al resultado tributario ;Otros agregados al resultado tributario ;Otros agregados al resultado tributario 
Otras deducciones al resultado tributario ;Otras deducciones al resultado tributario ;Otras deducciones al resultado tributario 
Por Gastos rechazados;Por Gastos rechazados;Por Gastos rechazados
Contribuciones Bienes Raices;Contribuciones Bienes Raices;Contribuciones Bienes Raices
Gastos No Documentados;Gastos No Documentados;Gastos No Documentados
Gastos por Donaciones Rechazadas;Gastos por Donaciones Rechazadas;Gastos por Donaciones Rechazadas
Gastos por Automóvil, Station Wagon y Similares;Gastos por Automóvil, Station Wagon y Similares;Gastos por Automóvil, Station Wagon y Similares
Gasto por Intereses, Reajustes y Multas Fiscales;Gasto por Intereses, Reajustes y Multas Fiscales;Gasto por Intereses, Reajustes y Multas Fiscales
Gasto por 'Impuesto de Primera Categoría;Gasto por 'Impuesto de Primera Categoría;Gasto por 'Impuesto de Primera Categoría
Gasto por 'Reajustes Art.72 LIR;Gasto por 'Reajustes Art.72 LIR;Gasto por 'Reajustes Art.72 LIR
Otras partidas  que disminuyeron la renta líquida declarada clasificados en la letra b) a g) del N°1 art 33 LIR;Otras partidas  que disminuyeron la renta líquida declarada clasificados en la letra b) a g) del N°1 art 33 LIR;Otras partidas  que disminuyeron la renta líquida declarada clasificados en la letra b) a g) del N°1 art 33 LIR
Otras Partidas segun inciso 2° art 21 LIR;Otras Partidas segun inciso 2° art 21 LIR;Otras Partidas segun inciso 2° art 21 LIR
Por Pérdida Tributaria de Arrastre;Por Pérdida Tributaria de Arrastre;Por Pérdida Tributaria de Arrastre
Pérdida Tributaria de Arrastre actualizada ;Pérdida Tributaria de Arrastre actualizada ;Pérdida Tributaria de Arrastre actualizada 
